{
   "lambdatest_auth": {
        "username": "zhang.wei.725",
        "access_key": "2MciWCvsSQst5GUmI3UkjjxWlTOyWPzIl6CZQpVofDEhkeZAhS"
   },
   "browsers": [
      {
         "browser": "Chrome",
         "platform": "Windows 10",
         "versions": [
            "latest"
         ]
      },
      {
         "browser": "Firefox",
         "platform": "Windows 10",
         "versions": [
            "latest"
         ]
      },
      {
         "browser": "Electron",
         "platform": "Windows 10",
         "versions": [
            "latest"
         ]
      }
   ],
   "run_settings": {
      "reporter_config_file": "base_reporter_config.json",
      "project_name": "Cypress-test-for-YPM",
      "build_name": "build-cypress-test-YPM",
      "parallels": 1,
      "specs": "cypress/e2e/*.cy.js",
      "ignore_files": "",
      "network": true,
      "headless": false,
      "resolution": "1366x768",
      "npm_dependencies": {
         "cypress": "12.14.0",
         "cypress-file-upload": "5.0.8",
         "@testing-library/cypress": ""
      }
   },
   "tunnel_settings": {
      "tunnel": false,
      "tunnel_name": null
   }
}